Time, Stroke, Point, x, y
2448.903, 0, 0, 807.7109, 186.988
2450.898, 0, 1, 807.7109, 186.988
2451.894, 0, 2, 807.7109, 186.988
2452.891, 0, 3, 807.7109, 186.988
2452.891, 0, 4, 807.7109, 186.988
2453.89, 0, 5, 807.7109, 186.988
2454.887, 0, 6, 807.7109, 186.988
2455.884, 0, 7, 807.7109, 186.988
2456.882, 0, 8, 807.7109, 186.988
2457.878, 0, 9, 807.7109, 186.988
2458.876, 0, 10, 807.7109, 186.988
2459.873, 0, 11, 807.7109, 186.988
2460.87, 0, 12, 807.7109, 186.988
2461.867, 0, 13, 807.7109, 186.988
2462.866, 0, 14, 807.7109, 186.988
2463.864, 0, 15, 807.7109, 186.988
2463.864, 0, 16, 807.7109, 186.988
2464.861, 0, 17, 807.7109, 186.988
2465.857, 0, 18, 807.7109, 186.988
2466.855, 0, 19, 807.7109, 186.988
2467.853, 0, 20, 807.7109, 186.988
2468.85, 0, 21, 807.7109, 186.988
2469.847, 0, 22, 807.7109, 186.988
2470.843, 0, 23, 807.7109, 186.988
2471.842, 0, 24, 807.7109, 186.988
2472.839, 0, 25, 807.7109, 186.988
2473.835, 0, 26, 807.7109, 186.988
2473.835, 0, 27, 807.7109, 186.988
2475.832, 0, 28, 807.7109, 186.988
2476.829, 0, 29, 807.7109, 186.988
2478.823, 0, 30, 807.7109, 186.988
2478.823, 0, 31, 807.7109, 186.988
2479.821, 0, 32, 807.7109, 186.988
2480.817, 0, 33, 807.7109, 186.988
2481.815, 0, 34, 807.7109, 186.988
2482.811, 0, 35, 807.7109, 186.988
2483.81, 0, 36, 807.7109, 186.988
2484.806, 0, 37, 807.7109, 186.988
2485.805, 0, 38, 807.7109, 186.988
2486.802, 0, 39, 807.7109, 186.988
2487.799, 0, 40, 807.7109, 186.988
2488.797, 0, 41, 807.7109, 186.988
2489.794, 0, 42, 807.7109, 186.988
2490.791, 0, 43, 813.494, 186.988
2491.787, 0, 44, 813.494, 186.988
2492.784, 0, 45, 813.494, 186.988
2493.782, 0, 46, 813.494, 186.988
2494.779, 0, 47, 813.494, 186.988
2495.778, 0, 48, 813.494, 186.988
2496.774, 0, 49, 813.494, 186.988
2496.774, 0, 50, 813.494, 186.988
2498.77, 0, 51, 823.1326, 188.9157
2499.768, 0, 52, 823.1326, 188.9157
2499.768, 0, 53, 823.1326, 188.9157
2500.764, 0, 54, 823.1326, 188.9157
2501.762, 0, 55, 823.1326, 188.9157
2502.759, 0, 56, 823.1326, 188.9157
2503.756, 0, 57, 823.1326, 188.9157
2504.753, 0, 58, 823.1326, 188.9157
2505.75, 0, 59, 823.1326, 188.9157
2506.747, 0, 60, 823.1326, 188.9157
2507.746, 0, 61, 823.1326, 188.9157
2508.742, 0, 62, 823.1326, 188.9157
2509.739, 0, 63, 823.1326, 188.9157
2510.738, 0, 64, 830.8434, 190.8434
2511.735, 0, 65, 830.8434, 190.8434
2512.733, 0, 66, 830.8434, 190.8434
2512.733, 0, 67, 830.8434, 190.8434
2513.73, 0, 68, 830.8434, 190.8434
2514.726, 0, 69, 830.8434, 190.8434
2515.725, 0, 70, 830.8434, 190.8434
2516.72, 0, 71, 830.8434, 190.8434
2517.718, 0, 72, 842.4097, 192.7711
2518.717, 0, 73, 842.4097, 192.7711
2519.713, 0, 74, 842.4097, 192.7711
2520.711, 0, 75, 842.4097, 192.7711
2521.708, 0, 76, 842.4097, 192.7711
2522.705, 0, 77, 842.4097, 192.7711
2523.702, 0, 78, 842.4097, 192.7711
2524.699, 0, 79, 842.4097, 192.7711
2525.697, 0, 80, 842.4097, 192.7711
2526.694, 0, 81, 865.5422, 194.6988
2527.693, 0, 82, 865.5422, 194.6988
2528.688, 0, 83, 865.5422, 194.6988
2529.686, 0, 84, 865.5422, 194.6988
2530.683, 0, 85, 884.8193, 194.6988
2531.682, 0, 86, 884.8193, 194.6988
2532.679, 0, 87, 884.8193, 194.6988
2533.677, 0, 88, 884.8193, 194.6988
2534.673, 0, 89, 884.8193, 194.6988
2535.67, 0, 90, 884.8193, 194.6988
2535.67, 0, 91, 884.8193, 194.6988
2536.667, 0, 92, 884.8193, 194.6988
2538.663, 0, 93, 911.8073, 194.6988
2539.659, 0, 94, 911.8073, 194.6988
2540.656, 0, 95, 911.8073, 194.6988
2541.654, 0, 96, 911.8073, 194.6988
2542.651, 0, 97, 911.8073, 194.6988
2542.651, 0, 98, 911.8073, 194.6988
2543.648, 0, 99, 911.8073, 194.6988
2544.647, 0, 100, 911.8073, 194.6988
2545.643, 0, 101, 942.6506, 194.6988
2546.642, 0, 102, 942.6506, 194.6988
2547.638, 0, 103, 942.6506, 194.6988
2548.637, 0, 104, 942.6506, 194.6988
2549.634, 0, 105, 942.6506, 194.6988
2550.632, 0, 106, 942.6506, 194.6988
2551.629, 0, 107, 942.6506, 194.6988
2552.624, 0, 108, 942.6506, 194.6988
2553.623, 0, 109, 942.6506, 194.6988
2554.619, 0, 110, 973.494, 194.6988
2555.616, 0, 111, 973.494, 194.6988
2556.615, 0, 112, 973.494, 194.6988
2557.611, 0, 113, 973.494, 194.6988
2558.608, 0, 114, 973.494, 194.6988
2559.606, 0, 115, 973.494, 194.6988
2560.604, 0, 116, 973.494, 194.6988
2561.6, 0, 117, 973.494, 194.6988
2562.599, 0, 118, 1012.048, 194.6988
2563.595, 0, 119, 1012.048, 194.6988
2564.592, 0, 120, 1012.048, 194.6988
2564.592, 0, 121, 1012.048, 194.6988
2565.59, 0, 122, 1012.048, 194.6988
2566.588, 0, 123, 1012.048, 194.6988
2567.584, 0, 124, 1012.048, 194.6988
2568.582, 0, 125, 1012.048, 194.6988
2570.578, 0, 126, 1048.675, 194.6988
2570.578, 0, 127, 1048.675, 194.6988
2571.574, 0, 128, 1048.675, 194.6988
2572.571, 0, 129, 1048.675, 194.6988
2573.569, 0, 130, 1048.675, 194.6988
2574.566, 0, 131, 1048.675, 194.6988
2575.564, 0, 132, 1048.675, 194.6988
2576.56, 0, 133, 1048.675, 194.6988
2577.558, 0, 134, 1048.675, 194.6988
2578.555, 0, 135, 1087.229, 194.6988
2579.554, 0, 136, 1087.229, 194.6988
2580.552, 0, 137, 1087.229, 194.6988
2581.549, 0, 138, 1087.229, 194.6988
2582.544, 0, 139, 1087.229, 194.6988
2583.542, 0, 140, 1087.229, 194.6988
2584.539, 0, 141, 1087.229, 194.6988
2585.538, 0, 142, 1087.229, 194.6988
2586.535, 0, 143, 1120, 192.7711
2587.532, 0, 144, 1120, 192.7711
2588.528, 0, 145, 1120, 192.7711
2589.526, 0, 146, 1120, 192.7711
2589.526, 0, 147, 1120, 192.7711
2590.523, 0, 148, 1120, 192.7711
2591.522, 0, 149, 1120, 192.7711
2592.519, 0, 150, 1120, 192.7711
2593.515, 0, 151, 1120, 192.7711
2594.512, 0, 152, 1145.06, 190.8434
2595.511, 0, 153, 1145.06, 190.8434
2596.507, 0, 154, 1145.06, 190.8434
2597.506, 0, 155, 1145.06, 190.8434
2598.501, 0, 156, 1145.06, 190.8434
2599.499, 0, 157, 1145.06, 190.8434
2600.496, 0, 158, 1145.06, 190.8434
2601.494, 0, 159, 1145.06, 190.8434
2602.491, 0, 160, 1170.12, 188.9157
2603.49, 0, 161, 1170.12, 188.9157
2604.486, 0, 162, 1170.12, 188.9157
2605.483, 0, 163, 1170.12, 188.9157
2606.48, 0, 164, 1170.12, 188.9157
2607.479, 0, 165, 1170.12, 188.9157
2607.479, 0, 166, 1170.12, 188.9157
2608.475, 0, 167, 1170.12, 188.9157
2610.471, 0, 168, 1197.109, 183.1325
2614.46, 0, 169, 1197.109, 183.1325
2615.458, 0, 170, 1197.109, 183.1325
2616.454, 0, 171, 1197.109, 183.1325
2617.452, 0, 172, 1197.109, 183.1325
2618.45, 0, 173, 1214.458, 179.2771
2619.446, 0, 174, 1214.458, 179.2771
2620.445, 0, 175, 1214.458, 179.2771
2621.44, 0, 176, 1214.458, 179.2771
2622.438, 0, 177, 1214.458, 179.2771
2623.436, 0, 178, 1214.458, 179.2771
2624.432, 0, 179, 1214.458, 179.2771
2625.429, 0, 180, 1214.458, 179.2771
3267.576, 1, 0, 1019.759, 404.8193
3268.573, 1, 1, 1019.759, 404.8193
3269.57, 1, 2, 1019.759, 404.8193
3270.567, 1, 3, 1019.759, 404.8193
3271.564, 1, 4, 1019.759, 404.8193
3272.561, 1, 5, 1019.759, 404.8193
3273.56, 1, 6, 1019.759, 404.8193
3274.557, 1, 7, 1019.759, 408.6747
3275.553, 1, 8, 1019.759, 408.6747
3276.552, 1, 9, 1019.759, 408.6747
3277.547, 1, 10, 1019.759, 408.6747
3278.546, 1, 11, 1019.759, 408.6747
3279.543, 1, 12, 1019.759, 408.6747
3280.539, 1, 13, 1019.759, 408.6747
3281.538, 1, 14, 1019.759, 408.6747
3282.535, 1, 15, 1019.759, 410.6024
3283.531, 1, 16, 1019.759, 410.6024
3284.529, 1, 17, 1019.759, 410.6024
3285.528, 1, 18, 1019.759, 410.6024
3286.525, 1, 19, 1019.759, 410.6024
3287.521, 1, 20, 1019.759, 410.6024
3288.518, 1, 21, 1019.759, 410.6024
3288.518, 1, 22, 1019.759, 410.6024
3290.514, 1, 23, 1019.759, 412.5301
3291.511, 1, 24, 1019.759, 412.5301
3292.509, 1, 25, 1019.759, 412.5301
3293.505, 1, 26, 1019.759, 412.5301
3293.505, 1, 27, 1019.759, 412.5301
3294.502, 1, 28, 1019.759, 412.5301
3295.501, 1, 29, 1019.759, 412.5301
3296.498, 1, 30, 1019.759, 412.5301
3297.495, 1, 31, 1019.759, 412.5301
3298.493, 1, 32, 1019.759, 412.5301
3299.489, 1, 33, 1019.759, 412.5301
3300.488, 1, 34, 1019.759, 412.5301
3301.485, 1, 35, 1019.759, 412.5301
3302.482, 1, 36, 1019.759, 412.5301
3303.479, 1, 37, 1019.759, 412.5301
3304.475, 1, 38, 1019.759, 412.5301
3304.475, 1, 39, 1019.759, 412.5301
3306.471, 1, 40, 1019.759, 416.3856
3307.468, 1, 41, 1019.759, 416.3856
3308.464, 1, 42, 1019.759, 416.3856
3308.464, 1, 43, 1019.759, 416.3856
3309.463, 1, 44, 1019.759, 416.3856
3310.461, 1, 45, 1019.759, 416.3856
3311.458, 1, 46, 1019.759, 416.3856
3312.456, 1, 47, 1019.759, 416.3856
3313.453, 1, 48, 1019.759, 416.3856
3314.45, 1, 49, 1019.759, 420.241
3315.446, 1, 50, 1019.759, 420.241
3316.445, 1, 51, 1019.759, 420.241
3317.442, 1, 52, 1019.759, 420.241
3318.439, 1, 53, 1019.759, 420.241
3319.437, 1, 54, 1019.759, 420.241
3320.434, 1, 55, 1019.759, 420.241
3321.43, 1, 56, 1019.759, 420.241
3322.429, 1, 57, 1019.759, 427.9518
3323.425, 1, 58, 1019.759, 427.9518
3324.423, 1, 59, 1019.759, 427.9518
3325.421, 1, 60, 1019.759, 427.9518
3325.421, 1, 61, 1019.759, 427.9518
3326.418, 1, 62, 1019.759, 427.9518
3327.415, 1, 63, 1019.759, 427.9518
3328.413, 1, 64, 1019.759, 427.9518
3329.41, 1, 65, 1019.759, 427.9518
3331.252, 1, 66, 1025.542, 437.5904
3331.252, 1, 67, 1025.542, 437.5904
3332.249, 1, 68, 1025.542, 437.5904
3333.248, 1, 69, 1025.542, 437.5904
3334.245, 1, 70, 1025.542, 437.5904
3335.242, 1, 71, 1025.542, 437.5904
3336.24, 1, 72, 1025.542, 437.5904
3337.237, 1, 73, 1025.542, 437.5904
3338.234, 1, 74, 1029.398, 445.3012
3339.231, 1, 75, 1029.398, 445.3012
3340.227, 1, 76, 1029.398, 445.3012
3341.225, 1, 77, 1029.398, 445.3012
3342.223, 1, 78, 1029.398, 445.3012
3343.219, 1, 79, 1029.398, 445.3012
3344.218, 1, 80, 1029.398, 445.3012
3345.215, 1, 81, 1029.398, 445.3012
3346.212, 1, 82, 1035.181, 456.8675
3347.209, 1, 83, 1035.181, 456.8675
3348.208, 1, 84, 1035.181, 456.8675
3349.205, 1, 85, 1035.181, 456.8675
3350.202, 1, 86, 1035.181, 456.8675
3350.202, 1, 87, 1035.181, 456.8675
3351.199, 1, 88, 1035.181, 456.8675
3352.197, 1, 89, 1035.181, 456.8675
3353.194, 1, 90, 1035.181, 456.8675
3354.191, 1, 91, 1039.036, 462.6506
3355.188, 1, 92, 1039.036, 462.6506
3356.186, 1, 93, 1039.036, 462.6506
3357.182, 1, 94, 1039.036, 462.6506
3358.181, 1, 95, 1039.036, 462.6506
3359.178, 1, 96, 1039.036, 462.6506
3360.176, 1, 97, 1039.036, 462.6506
3361.171, 1, 98, 1039.036, 462.6506
3362.168, 1, 99, 1044.819, 470.3615
3363.166, 1, 100, 1044.819, 470.3615
3364.165, 1, 101, 1044.819, 470.3615
3365.161, 1, 102, 1044.819, 470.3615
3366.159, 1, 103, 1044.819, 470.3615
3367.156, 1, 104, 1044.819, 470.3615
3368.154, 1, 105, 1044.819, 470.3615
3368.154, 1, 106, 1044.819, 470.3615
3369.151, 1, 107, 1044.819, 470.3615
3371.146, 1, 108, 1048.675, 474.2169
3372.142, 1, 109, 1048.675, 474.2169
3372.142, 1, 110, 1048.675, 474.2169
3373.139, 1, 111, 1048.675, 474.2169
3374.137, 1, 112, 1048.675, 474.2169
3375.135, 1, 113, 1048.675, 474.2169
3376.133, 1, 114, 1048.675, 474.2169
3377.13, 1, 115, 1048.675, 474.2169
3378.127, 1, 116, 1052.53, 478.0723
3380.122, 1, 117, 1052.53, 478.0723
3381.119, 1, 118, 1052.53, 478.0723
3382.117, 1, 119, 1052.53, 478.0723
3383.114, 1, 120, 1052.53, 478.0723
3384.111, 1, 121, 1052.53, 478.0723
3385.109, 1, 122, 1052.53, 478.0723
3386.106, 1, 123, 1058.313, 485.7831
3387.102, 1, 124, 1058.313, 485.7831
3388.1, 1, 125, 1058.313, 485.7831
3389.098, 1, 126, 1058.313, 485.7831
3390.096, 1, 127, 1058.313, 485.7831
3391.093, 1, 128, 1058.313, 485.7831
3392.09, 1, 129, 1058.313, 485.7831
3393.087, 1, 130, 1058.313, 485.7831
3394.085, 1, 131, 1062.169, 487.7108
3395.08, 1, 132, 1062.169, 487.7108
3396.079, 1, 133, 1062.169, 487.7108
3397.077, 1, 134, 1062.169, 487.7108
3398.074, 1, 135, 1062.169, 487.7108
3399.071, 1, 136, 1062.169, 487.7108
3400.069, 1, 137, 1062.169, 487.7108
3400.069, 1, 138, 1062.169, 487.7108
3401.064, 1, 139, 1062.169, 487.7108
3403.06, 1, 140, 1066.024, 487.7108
3404.056, 1, 141, 1066.024, 487.7108
3404.056, 1, 142, 1066.024, 487.7108
3405.054, 1, 143, 1066.024, 487.7108
3406.051, 1, 144, 1066.024, 487.7108
3407.05, 1, 145, 1066.024, 487.7108
3408.047, 1, 146, 1066.024, 487.7108
3409.045, 1, 147, 1066.024, 487.7108
3410.042, 1, 148, 1069.88, 489.6386
3411.038, 1, 149, 1069.88, 489.6386
3412.037, 1, 150, 1069.88, 489.6386
3413.034, 1, 151, 1069.88, 489.6386
3414.03, 1, 152, 1069.88, 489.6386
3415.027, 1, 153, 1069.88, 489.6386
3416.026, 1, 154, 1069.88, 489.6386
3417.023, 1, 155, 1069.88, 489.6386
3418.021, 1, 156, 1069.88, 489.6386
3418.021, 1, 157, 1069.88, 489.6386
3419.018, 1, 158, 1069.88, 489.6386
3420.015, 1, 159, 1069.88, 489.6386
3421.013, 1, 160, 1069.88, 489.6386
3422.01, 1, 161, 1073.735, 491.5663
3423.007, 1, 162, 1073.735, 491.5663
3424.003, 1, 163, 1073.735, 491.5663
3425, 1, 164, 1073.735, 491.5663
3426, 1, 165, 1073.735, 491.5663
3426.997, 1, 166, 1073.735, 491.5663
3427.993, 1, 167, 1073.735, 491.5663
3428.991, 1, 168, 1073.735, 491.5663
3429.988, 1, 169, 1079.518, 491.5663
3430.986, 1, 170, 1079.518, 491.5663
3431.983, 1, 171, 1079.518, 491.5663
3432.981, 1, 172, 1079.518, 491.5663
3433.978, 1, 173, 1079.518, 491.5663
3434.975, 1, 174, 1079.518, 491.5663
3435.972, 1, 175, 1079.518, 491.5663
3436.969, 1, 176, 1079.518, 491.5663
3437.967, 1, 177, 1079.518, 491.5663
3438.965, 1, 178, 1079.518, 491.5663
3439.962, 1, 179, 1079.518, 491.5663
3440.96, 1, 180, 1079.518, 491.5663
3441.957, 1, 181, 1085.301, 493.494
3442.954, 1, 182, 1085.301, 493.494
3443.951, 1, 183, 1085.301, 493.494
3444.948, 1, 184, 1085.301, 493.494
3445.946, 1, 185, 1085.301, 493.494
3446.942, 1, 186, 1085.301, 493.494
3447.939, 1, 187, 1085.301, 493.494
3448.936, 1, 188, 1085.301, 493.494
3449.935, 1, 189, 1085.301, 493.494
3450.933, 1, 190, 1085.301, 493.494
3451.929, 1, 191, 1085.301, 493.494
3452.927, 1, 192, 1085.301, 493.494
3453.925, 1, 193, 1085.301, 493.494
3454.922, 1, 194, 1085.301, 493.494
3455.918, 1, 195, 1085.301, 493.494
3459.909, 1, 196, 1094.94, 495.4217
3461.902, 1, 197, 1094.94, 495.4217
3462.901, 1, 198, 1094.94, 495.4217
3463.898, 1, 199, 1094.94, 495.4217
3463.898, 1, 200, 1094.94, 495.4217
3464.896, 1, 201, 1094.94, 495.4217
3466.89, 1, 202, 1100.723, 495.4217
3467.887, 1, 203, 1100.723, 495.4217
3467.887, 1, 204, 1100.723, 495.4217
3468.885, 1, 205, 1100.723, 495.4217
3469.882, 1, 206, 1100.723, 495.4217
3470.879, 1, 207, 1100.723, 495.4217
3471.877, 1, 208, 1100.723, 495.4217
3472.874, 1, 209, 1100.723, 495.4217
3474.869, 1, 210, 1106.506, 495.4217
3474.869, 1, 211, 1106.506, 495.4217
3475.866, 1, 212, 1106.506, 495.4217
3476.863, 1, 213, 1106.506, 495.4217
3477.861, 1, 214, 1106.506, 495.4217
3478.856, 1, 215, 1106.506, 495.4217
3479.855, 1, 216, 1106.506, 495.4217
3480.853, 1, 217, 1106.506, 495.4217
3481.85, 1, 218, 1110.361, 495.4217
3482.847, 1, 219, 1110.361, 495.4217
3483.844, 1, 220, 1110.361, 495.4217
3484.842, 1, 221, 1110.361, 495.4217
3485.839, 1, 222, 1110.361, 495.4217
3486.837, 1, 223, 1110.361, 495.4217
3487.834, 1, 224, 1110.361, 495.4217
3488.831, 1, 225, 1110.361, 495.4217
3489.829, 1, 226, 1112.289, 489.6386
3491.823, 1, 227, 1112.289, 489.6386
3491.823, 1, 228, 1112.289, 489.6386
3492.82, 1, 229, 1112.289, 489.6386
3493.818, 1, 230, 1112.289, 489.6386
3494.815, 1, 231, 1112.289, 489.6386
3495.813, 1, 232, 1112.289, 489.6386
3496.81, 1, 233, 1112.289, 489.6386
3497.807, 1, 234, 1116.145, 487.7108
3498.805, 1, 235, 1116.145, 487.7108
3499.802, 1, 236, 1116.145, 487.7108
3500.799, 1, 237, 1116.145, 487.7108
3501.796, 1, 238, 1116.145, 487.7108
3502.792, 1, 239, 1116.145, 487.7108
3503.791, 1, 240, 1116.145, 487.7108
3504.789, 1, 241, 1116.145, 487.7108
3506.783, 1, 242, 1120, 483.8554
3506.783, 1, 243, 1120, 483.8554
3507.78, 1, 244, 1120, 483.8554
3508.777, 1, 245, 1120, 483.8554
3509.775, 1, 246, 1120, 483.8554
3510.772, 1, 247, 1120, 483.8554
3511.769, 1, 248, 1120, 483.8554
3512.767, 1, 249, 1120, 483.8554
3513.764, 1, 250, 1120, 483.8554
3514.762, 1, 251, 1120, 483.8554
3515.759, 1, 252, 1120, 483.8554
3516.756, 1, 253, 1120, 483.8554
3517.752, 1, 254, 1120, 483.8554
3518.751, 1, 255, 1121.928, 478.0723
3519.747, 1, 256, 1121.928, 478.0723
3520.746, 1, 257, 1121.928, 478.0723
3521.743, 1, 258, 1121.928, 478.0723
3522.74, 1, 259, 1121.928, 478.0723
3522.74, 1, 260, 1121.928, 478.0723
3523.737, 1, 261, 1121.928, 478.0723
3524.735, 1, 262, 1121.928, 478.0723
3525.732, 1, 263, 1123.855, 476.1446
3526.729, 1, 264, 1123.855, 476.1446
3527.727, 1, 265, 1123.855, 476.1446
3528.723, 1, 266, 1123.855, 476.1446
3529.721, 1, 267, 1123.855, 476.1446
3530.719, 1, 268, 1123.855, 476.1446
3531.715, 1, 269, 1123.855, 476.1446
3532.713, 1, 270, 1123.855, 476.1446
3533.709, 1, 271, 1123.855, 476.1446
3534.708, 1, 272, 1125.783, 470.3615
3535.705, 1, 273, 1125.783, 470.3615
3536.701, 1, 274, 1125.783, 470.3615
3537.699, 1, 275, 1125.783, 468.4337
3538.697, 1, 276, 1125.783, 468.4337
3539.694, 1, 277, 1125.783, 468.4337
3540.693, 1, 278, 1125.783, 468.4337
3541.689, 1, 279, 1125.783, 468.4337
3542.687, 1, 280, 1125.783, 468.4337
3543.683, 1, 281, 1125.783, 468.4337
3544.681, 1, 282, 1125.783, 468.4337
3545.679, 1, 283, 1125.783, 468.4337
3546.676, 1, 284, 1125.783, 468.4337
3547.674, 1, 285, 1125.783, 468.4337
3547.674, 1, 286, 1125.783, 468.4337
3548.671, 1, 287, 1125.783, 468.4337
3549.668, 1, 288, 1125.783, 468.4337
3550.666, 1, 289, 1125.783, 468.4337
3551.663, 1, 290, 1125.783, 468.4337
3552.659, 1, 291, 1125.783, 468.4337
3553.657, 1, 292, 1125.783, 468.4337
3554.655, 1, 293, 1125.783, 462.6506
3555.652, 1, 294, 1125.783, 462.6506
3556.649, 1, 295, 1125.783, 462.6506
3557.647, 1, 296, 1125.783, 462.6506
3558.644, 1, 297, 1125.783, 462.6506
3559.641, 1, 298, 1125.783, 462.6506
3560.639, 1, 299, 1125.783, 462.6506
3560.639, 1, 300, 1125.783, 462.6506
3562.634, 1, 301, 1125.783, 456.8675
3563.631, 1, 302, 1125.783, 456.8675
3564.627, 1, 303, 1125.783, 456.8675
3565.624, 1, 304, 1125.783, 456.8675
3565.624, 1, 305, 1125.783, 456.8675
3566.622, 1, 306, 1125.783, 456.8675
3567.619, 1, 307, 1125.783, 456.8675
3568.616, 1, 308, 1125.783, 456.8675
3569.613, 1, 309, 1125.783, 456.8675
3570.612, 1, 310, 1125.783, 453.0121
3571.61, 1, 311, 1125.783, 453.0121
3572.607, 1, 312, 1125.783, 453.0121
3573.604, 1, 313, 1125.783, 453.0121
3574.602, 1, 314, 1125.783, 453.0121
3575.599, 1, 315, 1125.783, 453.0121
3576.596, 1, 316, 1125.783, 453.0121
3577.594, 1, 317, 1125.783, 453.0121
3578.591, 1, 318, 1125.783, 447.2289
3579.587, 1, 319, 1125.783, 447.2289
3580.586, 1, 320, 1125.783, 447.2289
3581.581, 1, 321, 1125.783, 447.2289
3582.58, 1, 322, 1125.783, 447.2289
3583.577, 1, 323, 1125.783, 447.2289
3584.574, 1, 324, 1125.783, 447.2289
3584.574, 1, 325, 1125.783, 447.2289
3586.57, 1, 326, 1125.783, 437.5904
3587.567, 1, 327, 1125.783, 437.5904
3588.564, 1, 328, 1125.783, 437.5904
3589.561, 1, 329, 1125.783, 437.5904
3590.559, 1, 330, 1125.783, 437.5904
3590.559, 1, 331, 1125.783, 437.5904
3591.556, 1, 332, 1125.783, 437.5904
3592.553, 1, 333, 1125.783, 437.5904
3594.547, 1, 334, 1123.855, 431.8073
3595.545, 1, 335, 1123.855, 431.8073
3595.545, 1, 336, 1123.855, 431.8073
3596.543, 1, 337, 1123.855, 431.8073
3597.54, 1, 338, 1123.855, 431.8073
3598.537, 1, 339, 1123.855, 431.8073
3599.535, 1, 340, 1123.855, 431.8073
3600.532, 1, 341, 1123.855, 431.8073
3601.529, 1, 342, 1123.855, 431.8073
3602.525, 1, 343, 1121.928, 424.0964
3603.524, 1, 344, 1121.928, 424.0964
3604.52, 1, 345, 1121.928, 424.0964
3605.519, 1, 346, 1121.928, 424.0964
3606.516, 1, 347, 1121.928, 424.0964
3607.513, 1, 348, 1121.928, 424.0964
3608.511, 1, 349, 1121.928, 424.0964
3609.508, 1, 350, 1121.928, 424.0964
3610.506, 1, 351, 1121.928, 418.3133
3611.501, 1, 352, 1121.928, 418.3133
3612.499, 1, 353, 1121.928, 418.3133
3613.496, 1, 354, 1121.928, 418.3133
3613.496, 1, 355, 1121.928, 418.3133
3614.495, 1, 356, 1121.928, 418.3133
3615.491, 1, 357, 1121.928, 418.3133
3616.49, 1, 358, 1121.928, 418.3133
3617.487, 1, 359, 1121.928, 418.3133
3618.484, 1, 360, 1116.145, 410.6024
3619.48, 1, 361, 1116.145, 410.6024
3620.479, 1, 362, 1116.145, 410.6024
3621.476, 1, 363, 1116.145, 410.6024
3622.473, 1, 364, 1116.145, 410.6024
3623.471, 1, 365, 1116.145, 410.6024
3624.468, 1, 366, 1116.145, 410.6024
3625.465, 1, 367, 1116.145, 410.6024
3626.462, 1, 368, 1114.217, 406.747
3627.458, 1, 369, 1114.217, 406.747
3628.457, 1, 370, 1114.217, 406.747
3629.453, 1, 371, 1114.217, 406.747
3630.451, 1, 372, 1114.217, 406.747
3631.449, 1, 373, 1114.217, 406.747
3632.446, 1, 374, 1114.217, 406.747
3633.444, 1, 375, 1114.217, 406.747
3634.441, 1, 376, 1114.217, 404.8193
3635.439, 1, 377, 1114.217, 404.8193
3636.436, 1, 378, 1114.217, 404.8193
3637.432, 1, 379, 1114.217, 404.8193
3637.432, 1, 380, 1114.217, 404.8193
3638.429, 1, 381, 1114.217, 404.8193
3639.428, 1, 382, 1114.217, 404.8193
3640.425, 1, 383, 1114.217, 404.8193
3641.423, 1, 384, 1114.217, 404.8193
3643.417, 1, 385, 1108.434, 399.0362
3644.415, 1, 386, 1108.434, 399.0362
3644.415, 1, 387, 1108.434, 399.0362
3645.412, 1, 388, 1108.434, 399.0362
3646.409, 1, 389, 1108.434, 399.0362
3647.406, 1, 390, 1108.434, 399.0362
3648.404, 1, 391, 1108.434, 399.0362
3649.401, 1, 392, 1108.434, 399.0362
3650.399, 1, 393, 1106.506, 393.253
3651.396, 1, 394, 1106.506, 393.253
3652.392, 1, 395, 1106.506, 393.253
3653.389, 1, 396, 1106.506, 393.253
3654.387, 1, 397, 1106.506, 393.253
3655.385, 1, 398, 1106.506, 393.253
3656.382, 1, 399, 1106.506, 393.253
3656.382, 1, 400, 1106.506, 393.253
3658.377, 1, 401, 1102.651, 387.4699
3659.375, 1, 402, 1102.651, 387.4699
3660.372, 1, 403, 1102.651, 387.4699
3660.372, 1, 404, 1102.651, 387.4699
3661.368, 1, 405, 1102.651, 387.4699
3662.367, 1, 406, 1102.651, 387.4699
3663.364, 1, 407, 1102.651, 387.4699
3664.361, 1, 408, 1102.651, 387.4699
3665.359, 1, 409, 1102.651, 387.4699
3666.356, 1, 410, 1100.723, 383.6145
3667.353, 1, 411, 1100.723, 383.6145
3668.351, 1, 412, 1100.723, 383.6145
3669.348, 1, 413, 1100.723, 383.6145
3670.346, 1, 414, 1100.723, 383.6145
3671.341, 1, 415, 1100.723, 383.6145
3672.34, 1, 416, 1100.723, 383.6145
3673.337, 1, 417, 1100.723, 383.6145
3674.334, 1, 418, 1094.94, 375.9036
3675.33, 1, 419, 1094.94, 375.9036
3676.328, 1, 420, 1094.94, 375.9036
3677.325, 1, 421, 1094.94, 375.9036
3678.324, 1, 422, 1094.94, 375.9036
3679.321, 1, 423, 1094.94, 375.9036
3680.319, 1, 424, 1094.94, 375.9036
3680.319, 1, 425, 1094.94, 375.9036
3681.316, 1, 426, 1094.94, 375.9036
3683.31, 1, 427, 1091.084, 370.1205
3683.31, 1, 428, 1091.084, 370.1205
3684.308, 1, 429, 1091.084, 370.1205
3685.305, 1, 430, 1091.084, 370.1205
3686.302, 1, 431, 1091.084, 370.1205
3687.3, 1, 432, 1091.084, 370.1205
3688.297, 1, 433, 1091.084, 370.1205
3689.295, 1, 434, 1091.084, 370.1205
3690.292, 1, 435, 1089.157, 366.2651
3691.288, 1, 436, 1089.157, 366.2651
3692.285, 1, 437, 1089.157, 366.2651
3693.284, 1, 438, 1089.157, 366.2651
3694.281, 1, 439, 1089.157, 366.2651
3695.277, 1, 440, 1089.157, 366.2651
3696.276, 1, 441, 1089.157, 366.2651
3697.273, 1, 442, 1089.157, 366.2651
3698.271, 1, 443, 1085.301, 362.4096
3699.267, 1, 444, 1085.301, 362.4096
3700.265, 1, 445, 1085.301, 362.4096
3701.262, 1, 446, 1085.301, 362.4096
3702.26, 1, 447, 1085.301, 362.4096
3703.257, 1, 448, 1085.301, 362.4096
3704.254, 1, 449, 1085.301, 362.4096
3705.252, 1, 450, 1085.301, 362.4096
3706.249, 1, 451, 1083.374, 358.5542
3707.245, 1, 452, 1083.374, 358.5542
3708.242, 1, 453, 1083.374, 358.5542
3709.24, 1, 454, 1083.374, 358.5542
3710.237, 1, 455, 1083.374, 358.5542
3711.234, 1, 456, 1083.374, 358.5542
3711.234, 1, 457, 1083.374, 358.5542
3712.232, 1, 458, 1083.374, 358.5542
3713.23, 1, 459, 1083.374, 358.5542
3715.225, 1, 460, 1079.518, 352.7711
3715.225, 1, 461, 1079.518, 352.7711
3716.222, 1, 462, 1079.518, 352.7711
3717.22, 1, 463, 1079.518, 352.7711
3718.217, 1, 464, 1079.518, 352.7711
3719.215, 1, 465, 1079.518, 352.7711
3720.21, 1, 466, 1079.518, 352.7711
3721.208, 1, 467, 1079.518, 352.7711
3722.206, 1, 468, 1077.59, 352.7711
3723.202, 1, 469, 1077.59, 352.7711
3724.201, 1, 470, 1077.59, 352.7711
3725.197, 1, 471, 1077.59, 352.7711
3726.196, 1, 472, 1077.59, 352.7711
3727.193, 1, 473, 1077.59, 352.7711
3728.19, 1, 474, 1077.59, 352.7711
3729.188, 1, 475, 1077.59, 352.7711
3729.188, 1, 476, 1077.59, 352.7711
3731.182, 1, 477, 1075.663, 350.8434
3732.178, 1, 478, 1075.663, 350.8434
3733.177, 1, 479, 1075.663, 350.8434
3733.177, 1, 480, 1075.663, 350.8434
3734.174, 1, 481, 1075.663, 350.8434
3735.172, 1, 482, 1075.663, 350.8434
3736.169, 1, 483, 1075.663, 350.8434
3737.167, 1, 484, 1075.663, 350.8434
3738.164, 1, 485, 1073.735, 346.9879
3740.158, 1, 486, 1073.735, 346.9879
3740.158, 1, 487, 1073.735, 346.9879
3741.156, 1, 488, 1073.735, 346.9879
3742.153, 1, 489, 1073.735, 346.9879
3743.15, 1, 490, 1073.735, 346.9879
3744.148, 1, 491, 1073.735, 346.9879
3745.144, 1, 492, 1073.735, 346.9879
3746.141, 1, 493, 1071.807, 346.9879
3747.14, 1, 494, 1071.807, 346.9879
3748.137, 1, 495, 1071.807, 346.9879
3749.135, 1, 496, 1071.807, 346.9879
3750.132, 1, 497, 1071.807, 346.9879
3751.129, 1, 498, 1071.807, 346.9879
3752.126, 1, 499, 1071.807, 346.9879
3753.122, 1, 500, 1071.807, 346.9879
3754.121, 1, 501, 1069.88, 345.0602
3755.118, 1, 502, 1069.88, 345.0602
3756.114, 1, 503, 1069.88, 345.0602
3757.113, 1, 504, 1069.88, 345.0602
3758.11, 1, 505, 1069.88, 345.0602
3759.108, 1, 506, 1069.88, 345.0602
3760.104, 1, 507, 1069.88, 345.0602
3761.101, 1, 508, 1069.88, 345.0602
3761.101, 1, 509, 1069.88, 345.0602
3763.097, 1, 510, 1066.024, 343.1325
3764.093, 1, 511, 1066.024, 343.1325
3764.093, 1, 512, 1066.024, 343.1325
3765.09, 1, 513, 1066.024, 343.1325
3766.089, 1, 514, 1066.024, 343.1325
3767.086, 1, 515, 1066.024, 343.1325
3768.082, 1, 516, 1066.024, 343.1325
3769.081, 1, 517, 1066.024, 343.1325
3770.079, 1, 518, 1064.096, 343.1325
3771.075, 1, 519, 1064.096, 343.1325
3772.073, 1, 520, 1064.096, 343.1325
3773.07, 1, 521, 1064.096, 343.1325
3774.066, 1, 522, 1064.096, 343.1325
3775.063, 1, 523, 1064.096, 343.1325
3776.061, 1, 524, 1064.096, 343.1325
3777.06, 1, 525, 1064.096, 343.1325
3778.057, 1, 526, 1060.241, 343.1325
3779.053, 1, 527, 1060.241, 343.1325
3780.052, 1, 528, 1060.241, 343.1325
3781.049, 1, 529, 1060.241, 343.1325
3782.046, 1, 530, 1060.241, 343.1325
3783.042, 1, 531, 1060.241, 343.1325
3784.04, 1, 532, 1060.241, 343.1325
3784.04, 1, 533, 1060.241, 343.1325
3785.038, 1, 534, 1060.241, 343.1325
3787.033, 1, 535, 1058.313, 341.2048
3788.029, 1, 536, 1058.313, 341.2048
3789.028, 1, 537, 1058.313, 341.2048
3790.025, 1, 538, 1058.313, 341.2048
3790.025, 1, 539, 1058.313, 341.2048
3791.022, 1, 540, 1058.313, 341.2048
3792.02, 1, 541, 1058.313, 341.2048
3793.017, 1, 542, 1058.313, 341.2048
3794.013, 1, 543, 1056.386, 341.2048
3795.01, 1, 544, 1056.386, 341.2048
3796.009, 1, 545, 1056.386, 341.2048
3797.006, 1, 546, 1056.386, 341.2048
3798.004, 1, 547, 1056.386, 341.2048
3799.001, 1, 548, 1056.386, 341.2048
3799.998, 1, 549, 1056.386, 341.2048
3800.994, 1, 550, 1056.386, 341.2048
3801.992, 1, 551, 1052.53, 341.2048
3802.989, 1, 552, 1052.53, 341.2048
3803.988, 1, 553, 1052.53, 341.2048
3804.985, 1, 554, 1052.53, 341.2048
3805.982, 1, 555, 1052.53, 341.2048
3806.979, 1, 556, 1052.53, 341.2048
3807.977, 1, 557, 1052.53, 341.2048
3808.974, 1, 558, 1052.53, 341.2048
3808.974, 1, 559, 1052.53, 341.2048
3810.969, 1, 560, 1048.675, 341.2048
3811.966, 1, 561, 1048.675, 341.2048
3812.964, 1, 562, 1048.675, 341.2048
3812.964, 1, 563, 1048.675, 341.2048
3813.961, 1, 564, 1048.675, 341.2048
3814.958, 1, 565, 1048.675, 341.2048
3815.956, 1, 566, 1048.675, 341.2048
3816.953, 1, 567, 1048.675, 341.2048
4307.64, 2, 0, 1015.904, 424.0964
4308.637, 2, 1, 1015.904, 424.0964
4309.634, 2, 2, 1015.904, 424.0964
4310.632, 2, 3, 1015.904, 424.0964
4311.628, 2, 4, 1015.904, 424.0964
4312.625, 2, 5, 1015.904, 424.0964
4313.624, 2, 6, 1015.904, 424.0964
4314.62, 2, 7, 1015.904, 424.0964
4315.617, 2, 8, 1015.904, 424.0964
4315.617, 2, 9, 1015.904, 424.0964
4316.614, 2, 10, 1015.904, 424.0964
4317.613, 2, 11, 1015.904, 424.0964
4318.611, 2, 12, 1015.904, 424.0964
4319.607, 2, 13, 1015.904, 424.0964
4320.605, 2, 14, 1015.904, 424.0964
4321.601, 2, 15, 1015.904, 424.0964
4322.6, 2, 16, 1015.904, 424.0964
4323.597, 2, 17, 1015.904, 424.0964
4324.594, 2, 18, 1015.904, 424.0964
4325.59, 2, 19, 1015.904, 424.0964
4326.587, 2, 20, 1015.904, 424.0964
4326.587, 2, 21, 1015.904, 424.0964
4327.586, 2, 22, 1015.904, 424.0964
4328.583, 2, 23, 1015.904, 424.0964
4329.581, 2, 24, 1015.904, 424.0964
4333.57, 2, 25, 1015.904, 424.0964
4334.567, 2, 26, 1015.904, 424.0964
4335.565, 2, 27, 1015.904, 424.0964
4336.563, 2, 28, 1015.904, 424.0964
4337.56, 2, 29, 1015.904, 424.0964
4338.557, 2, 30, 1015.904, 424.0964
4339.554, 2, 31, 1015.904, 424.0964
4340.552, 2, 32, 1015.904, 424.0964
4341.547, 2, 33, 1015.904, 424.0964
4342.546, 2, 34, 1015.904, 424.0964
4343.543, 2, 35, 1015.904, 424.0964
4344.54, 2, 36, 1015.904, 424.0964
4344.54, 2, 37, 1015.904, 424.0964
4345.537, 2, 38, 1015.904, 424.0964
4346.534, 2, 39, 1015.904, 424.0964
4347.533, 2, 40, 1015.904, 424.0964
4348.531, 2, 41, 1015.904, 424.0964
4349.526, 2, 42, 1015.904, 424.0964
4350.525, 2, 43, 1015.904, 424.0964
4351.521, 2, 44, 1015.904, 424.0964
4352.52, 2, 45, 1015.904, 424.0964
4353.517, 2, 46, 1015.904, 424.0964
4354.514, 2, 47, 1015.904, 424.0964
4355.512, 2, 48, 1015.904, 424.0964
4356.509, 2, 49, 1015.904, 424.0964
4356.509, 2, 50, 1015.904, 424.0964
4357.506, 2, 51, 1015.904, 424.0964
4358.503, 2, 52, 1015.904, 424.0964
4359.5, 2, 53, 1015.904, 424.0964
4360.499, 2, 54, 1015.904, 424.0964
4361.496, 2, 55, 1015.904, 424.0964
4362.493, 2, 56, 1015.904, 424.0964
4363.49, 2, 57, 1015.904, 424.0964
4364.487, 2, 58, 1015.904, 424.0964
4365.485, 2, 59, 1015.904, 424.0964
4365.485, 2, 60, 1015.904, 424.0964
4366.482, 2, 61, 1015.904, 424.0964
4367.479, 2, 62, 1015.904, 424.0964
4368.477, 2, 63, 1015.904, 424.0964
4369.473, 2, 64, 1015.904, 424.0964
4370.47, 2, 65, 1015.904, 424.0964
4371.469, 2, 66, 1015.904, 424.0964
4372.466, 2, 67, 1015.904, 424.0964
4373.463, 2, 68, 1015.904, 424.0964
4374.461, 2, 69, 1015.904, 424.0964
4375.458, 2, 70, 1015.904, 424.0964
4375.458, 2, 71, 1015.904, 424.0964
4376.456, 2, 72, 1015.904, 424.0964
4377.453, 2, 73, 1015.904, 424.0964
4378.45, 2, 74, 1015.904, 424.0964
4379.447, 2, 75, 1015.904, 424.0964
4380.443, 2, 76, 1015.904, 424.0964
4381.441, 2, 77, 1015.904, 424.0964
4382.439, 2, 78, 1015.904, 424.0964
4383.436, 2, 79, 1015.904, 424.0964
4384.434, 2, 80, 1015.904, 424.0964
4384.434, 2, 81, 1015.904, 424.0964
4385.432, 2, 82, 1015.904, 424.0964
4386.429, 2, 83, 1015.904, 424.0964
4387.426, 2, 84, 1015.904, 424.0964
4388.423, 2, 85, 1015.904, 424.0964
4389.421, 2, 86, 1015.904, 424.0964
4390.418, 2, 87, 1015.904, 424.0964
4391.416, 2, 88, 1015.904, 424.0964
4392.411, 2, 89, 1015.904, 424.0964
4393.41, 2, 90, 1015.904, 424.0964
4394.407, 2, 91, 1015.904, 424.0964
4394.407, 2, 92, 1015.904, 424.0964
4395.403, 2, 93, 1015.904, 424.0964
4396.401, 2, 94, 1015.904, 424.0964
4397.399, 2, 95, 1015.904, 424.0964
4398.397, 2, 96, 1015.904, 424.0964
4399.394, 2, 97, 1015.904, 424.0964
4400.392, 2, 98, 1015.904, 424.0964
4401.389, 2, 99, 1015.904, 424.0964
4402.386, 2, 100, 1015.904, 424.0964
4403.383, 2, 101, 1015.904, 424.0964
4404.379, 2, 102, 1015.904, 424.0964
4405.378, 2, 103, 1015.904, 424.0964
4405.378, 2, 104, 1015.904, 424.0964
4406.375, 2, 105, 1015.904, 424.0964
4407.373, 2, 106, 1015.904, 424.0964
4408.37, 2, 107, 1015.904, 424.0964
4409.367, 2, 108, 1015.904, 424.0964
4410.365, 2, 109, 1015.904, 424.0964
4411.362, 2, 110, 1015.904, 424.0964
4412.359, 2, 111, 1015.904, 424.0964
4413.355, 2, 112, 1015.904, 424.0964
4414.354, 2, 113, 1015.904, 424.0964
4415.351, 2, 114, 1015.904, 424.0964
4416.349, 2, 115, 1015.904, 424.0964
4416.349, 2, 116, 1015.904, 424.0964
4417.345, 2, 117, 1015.904, 424.0964
4418.343, 2, 118, 1015.904, 424.0964
4419.341, 2, 119, 1015.904, 424.0964
4420.338, 2, 120, 1015.904, 424.0964
4421.335, 2, 121, 1015.904, 424.0964
4422.333, 2, 122, 1015.904, 424.0964
4423.33, 2, 123, 1015.904, 424.0964
4424.328, 2, 124, 1015.904, 424.0964
4425.325, 2, 125, 1015.904, 424.0964
4426.322, 2, 126, 1015.904, 426.0241
4427.319, 2, 127, 1015.904, 426.0241
4428.316, 2, 128, 1015.904, 426.0241
4429.314, 2, 129, 1015.904, 426.0241
4430.311, 2, 130, 1015.904, 426.0241
4430.311, 2, 131, 1015.904, 426.0241
4431.309, 2, 132, 1015.904, 426.0241
4432.306, 2, 133, 1015.904, 426.0241
4434.299, 2, 134, 1013.976, 431.8073
4436.295, 2, 135, 1013.976, 431.8073
4437.292, 2, 136, 1013.976, 431.8073
4438.289, 2, 137, 1013.976, 431.8073
4439.042, 2, 138, 1013.976, 431.8073
4440.035, 2, 139, 1013.976, 431.8073
4441.032, 2, 140, 1013.976, 431.8073
4441.032, 2, 141, 1013.976, 431.8073
4443.027, 2, 142, 1012.048, 439.5181
4444.022, 2, 143, 1012.048, 439.5181
4445.02, 2, 144, 1012.048, 439.5181
4445.02, 2, 145, 1012.048, 439.5181
4446.019, 2, 146, 1012.048, 439.5181
4447.016, 2, 147, 1012.048, 439.5181
4448.013, 2, 148, 1012.048, 439.5181
4449.009, 2, 149, 1012.048, 439.5181
4450.007, 2, 150, 1012.048, 439.5181
4451.004, 2, 151, 1012.048, 439.5181
4452.003, 2, 152, 1012.048, 439.5181
4453, 2, 153, 1012.048, 439.5181
4453.998, 2, 154, 1012.048, 439.5181
4454.993, 2, 155, 1012.048, 439.5181
4455.991, 2, 156, 1012.048, 439.5181
4455.991, 2, 157, 1012.048, 439.5181
4456.988, 2, 158, 1012.048, 439.5181
4458.983, 2, 159, 1010.12, 445.3012
4459.981, 2, 160, 1010.12, 445.3012
4459.981, 2, 161, 1010.12, 445.3012
4460.979, 2, 162, 1010.12, 445.3012
4461.976, 2, 163, 1010.12, 445.3012
4462.973, 2, 164, 1010.12, 445.3012
4463.971, 2, 165, 1010.12, 445.3012
4464.966, 2, 166, 1010.12, 445.3012
4465.964, 2, 167, 1008.193, 453.0121
4466.962, 2, 168, 1008.193, 453.0121
4467.96, 2, 169, 1008.193, 453.0121
4468.958, 2, 170, 1008.193, 453.0121
4469.955, 2, 171, 1008.193, 453.0121
4470.953, 2, 172, 1008.193, 453.0121
4471.949, 2, 173, 1008.193, 453.0121
4472.947, 2, 174, 1008.193, 453.0121
4473.944, 2, 175, 1008.193, 453.0121
4474.941, 2, 176, 1008.193, 458.7952
4475.937, 2, 177, 1008.193, 458.7952
4476.935, 2, 178, 1008.193, 458.7952
4477.934, 2, 179, 1008.193, 458.7952
4478.929, 2, 180, 1008.193, 458.7952
4479.928, 2, 181, 1008.193, 458.7952
4479.928, 2, 182, 1008.193, 458.7952
4480.925, 2, 183, 1008.193, 458.7952
4482.92, 2, 184, 1006.265, 462.6506
4483.917, 2, 185, 1006.265, 462.6506
4484.915, 2, 186, 1006.265, 462.6506
4484.915, 2, 187, 1006.265, 462.6506
4485.911, 2, 188, 1006.265, 462.6506
4486.908, 2, 189, 1006.265, 462.6506
4487.905, 2, 190, 1006.265, 462.6506
4488.902, 2, 191, 1006.265, 462.6506
4489.901, 2, 192, 1004.337, 466.506
4490.898, 2, 193, 1004.337, 466.506
4491.896, 2, 194, 1004.337, 466.506
4492.894, 2, 195, 1004.337, 466.506
4493.891, 2, 196, 1004.337, 466.506
4494.888, 2, 197, 1004.337, 466.506
4495.885, 2, 198, 1004.337, 466.506
4496.883, 2, 199, 1004.337, 466.506
4497.88, 2, 200, 1004.337, 466.506
4498.877, 2, 201, 1002.41, 470.3615
4499.873, 2, 202, 1002.41, 470.3615
4500.872, 2, 203, 1002.41, 470.3615
4501.87, 2, 204, 1002.41, 470.3615
4502.866, 2, 205, 1002.41, 470.3615
4503.864, 2, 206, 1002.41, 470.3615
4503.864, 2, 207, 1002.41, 470.3615
4504.861, 2, 208, 1002.41, 470.3615
4506.854, 2, 209, 1002.41, 474.2169
4507.853, 2, 210, 1002.41, 474.2169
4507.853, 2, 211, 1002.41, 474.2169
4508.851, 2, 212, 1002.41, 474.2169
4509.848, 2, 213, 1002.41, 474.2169
4510.845, 2, 214, 1002.41, 474.2169
4511.843, 2, 215, 1002.41, 474.2169
4512.84, 2, 216, 1002.41, 474.2169
4513.836, 2, 217, 998.5543, 480
4514.834, 2, 218, 998.5543, 480
4515.832, 2, 219, 998.5543, 480
4516.828, 2, 220, 998.5543, 480
4517.827, 2, 221, 998.5543, 480
4518.824, 2, 222, 998.5543, 480
4519.82, 2, 223, 998.5543, 480
4520.817, 2, 224, 998.5543, 480
4521.814, 2, 225, 998.5543, 480
4522.813, 2, 226, 996.6265, 483.8554
4523.811, 2, 227, 996.6265, 483.8554
4524.808, 2, 228, 996.6265, 483.8554
4525.805, 2, 229, 996.6265, 483.8554
4526.801, 2, 230, 996.6265, 483.8554
4526.801, 2, 231, 996.6265, 483.8554
4527.799, 2, 232, 996.6265, 483.8554
4528.797, 2, 233, 996.6265, 483.8554
4530.791, 2, 234, 996.6265, 485.7831
4531.789, 2, 235, 996.6265, 485.7831
4532.787, 2, 236, 996.6265, 485.7831
4532.787, 2, 237, 996.6265, 485.7831
4533.784, 2, 238, 996.6265, 485.7831
4534.781, 2, 239, 996.6265, 485.7831
4535.778, 2, 240, 996.6265, 485.7831
4536.776, 2, 241, 996.6265, 485.7831
4538.769, 2, 242, 992.7711, 489.6386
4539.767, 2, 243, 992.7711, 489.6386
4540.765, 2, 244, 992.7711, 489.6386
4540.765, 2, 245, 992.7711, 489.6386
4541.763, 2, 246, 992.7711, 489.6386
4542.76, 2, 247, 992.7711, 489.6386
4543.757, 2, 248, 992.7711, 489.6386
4544.754, 2, 249, 992.7711, 489.6386
4545.752, 2, 250, 990.8434, 495.4217
4546.749, 2, 251, 990.8434, 495.4217
4547.747, 2, 252, 990.8434, 495.4217
4548.744, 2, 253, 990.8434, 495.4217
4549.741, 2, 254, 990.8434, 495.4217
4550.737, 2, 255, 990.8434, 495.4217
4551.736, 2, 256, 990.8434, 495.4217
4552.733, 2, 257, 990.8434, 495.4217
4553.73, 2, 258, 990.8434, 495.4217
4554.727, 2, 259, 985.0602, 499.2771
4555.726, 2, 260, 985.0602, 499.2771
4556.723, 2, 261, 985.0602, 499.2771
4557.72, 2, 262, 985.0602, 499.2771
4558.717, 2, 263, 985.0602, 499.2771
4559.715, 2, 264, 985.0602, 499.2771
4560.712, 2, 265, 985.0602, 499.2771
4561.708, 2, 266, 985.0602, 499.2771
4562.707, 2, 267, 981.2048, 501.2048
4563.704, 2, 268, 981.2048, 501.2048
4564.7, 2, 269, 981.2048, 501.2048
4565.699, 2, 270, 981.2048, 501.2048
4566.696, 2, 271, 981.2048, 501.2048
4567.693, 2, 272, 981.2048, 501.2048
4568.689, 2, 273, 981.2048, 501.2048
4568.689, 2, 274, 981.2048, 501.2048
4570.685, 2, 275, 975.4217, 506.988
4571.683, 2, 276, 975.4217, 506.988
4572.679, 2, 277, 975.4217, 506.988
4573.677, 2, 278, 975.4217, 506.988
4574.674, 2, 279, 975.4217, 506.988
4574.674, 2, 280, 975.4217, 506.988
4575.672, 2, 281, 975.4217, 506.988
4576.669, 2, 282, 975.4217, 506.988
4578.664, 2, 283, 973.494, 508.9157
4579.661, 2, 284, 973.494, 508.9157
4579.661, 2, 285, 973.494, 508.9157
4580.658, 2, 286, 973.494, 508.9157
4581.656, 2, 287, 973.494, 508.9157
4582.653, 2, 288, 973.494, 508.9157
4583.65, 2, 289, 973.494, 508.9157
4584.648, 2, 290, 973.494, 508.9157
4586.643, 2, 291, 965.7831, 510.8434
4587.638, 2, 292, 965.7831, 510.8434
4588.637, 2, 293, 965.7831, 510.8434
4589.634, 2, 294, 965.7831, 510.8434
4590.632, 2, 295, 965.7831, 510.8434
4590.632, 2, 296, 965.7831, 510.8434
4591.629, 2, 297, 965.7831, 510.8434
4592.626, 2, 298, 965.7831, 510.8434
4594.621, 2, 299, 961.9277, 510.8434
4595.618, 2, 300, 961.9277, 510.8434
4596.616, 2, 301, 961.9277, 510.8434
4596.616, 2, 302, 961.9277, 510.8434
4597.613, 2, 303, 961.9277, 510.8434
4598.61, 2, 304, 961.9277, 510.8434
4599.608, 2, 305, 961.9277, 510.8434
4600.605, 2, 306, 961.9277, 510.8434
4602.599, 2, 307, 960, 510.8434
4603.597, 2, 308, 960, 510.8434
4603.597, 2, 309, 960, 510.8434
4604.594, 2, 310, 960, 510.8434
4605.592, 2, 311, 960, 510.8434
4606.589, 2, 312, 960, 510.8434
4607.586, 2, 313, 960, 510.8434
4608.584, 2, 314, 960, 510.8434
4610.579, 2, 315, 958.0723, 510.8434
4611.576, 2, 316, 958.0723, 510.8434
4612.572, 2, 317, 958.0723, 510.8434
4612.572, 2, 318, 958.0723, 510.8434
4613.57, 2, 319, 958.0723, 510.8434
4614.568, 2, 320, 958.0723, 510.8434
4615.565, 2, 321, 958.0723, 510.8434
4616.563, 2, 322, 958.0723, 510.8434
4617.56, 2, 323, 958.0723, 510.8434
4618.557, 2, 324, 958.0723, 510.8434
4619.555, 2, 325, 958.0723, 510.8434
4620.659, 2, 326, 958.0723, 510.8434
4621.66, 2, 327, 958.0723, 510.8434
4622.656, 2, 328, 958.0723, 510.8434
4623.654, 2, 329, 958.0723, 510.8434
4624.65, 2, 330, 958.0723, 510.8434
4624.65, 2, 331, 958.0723, 510.8434
4626.645, 2, 332, 956.1446, 510.8434
4627.643, 2, 333, 956.1446, 510.8434
4628.641, 2, 334, 956.1446, 510.8434
4629.639, 2, 335, 956.1446, 510.8434
4629.639, 2, 336, 956.1446, 510.8434
4630.636, 2, 337, 956.1446, 510.8434
4631.633, 2, 338, 956.1446, 510.8434
4632.63, 2, 339, 956.1446, 510.8434
4633.627, 2, 340, 956.1446, 510.8434
4634.625, 2, 341, 956.1446, 510.8434
4635.622, 2, 342, 956.1446, 510.8434
4636.62, 2, 343, 956.1446, 510.8434
4637.616, 2, 344, 956.1446, 510.8434
4638.613, 2, 345, 956.1446, 510.8434
4639.481, 2, 346, 956.1446, 510.8434
4640.462, 2, 347, 956.1446, 510.8434
4641.458, 2, 348, 956.1446, 510.8434
4642.457, 2, 349, 954.2169, 510.8434
4643.454, 2, 350, 954.2169, 510.8434
4644.451, 2, 351, 954.2169, 510.8434
4645.449, 2, 352, 954.2169, 510.8434
4646.446, 2, 353, 954.2169, 510.8434
4647.443, 2, 354, 954.2169, 510.8434
4647.443, 2, 355, 954.2169, 510.8434
4648.441, 2, 356, 954.2169, 510.8434
4650.434, 2, 357, 952.2892, 510.8434
4651.433, 2, 358, 952.2892, 510.8434
4651.433, 2, 359, 952.2892, 510.8434
4652.43, 2, 360, 952.2892, 510.8434
4653.427, 2, 361, 952.2892, 510.8434
4654.425, 2, 362, 952.2892, 510.8434
4655.421, 2, 363, 952.2892, 510.8434
4656.418, 2, 364, 952.2892, 510.8434
4657.416, 2, 365, 952.2892, 510.8434
4658.413, 2, 366, 950.3615, 510.8434
4659.41, 2, 367, 950.3615, 510.8434
4660.409, 2, 368, 950.3615, 510.8434
4661.406, 2, 369, 950.3615, 510.8434
4662.403, 2, 370, 950.3615, 510.8434
4663.401, 2, 371, 950.3615, 510.8434
4664.398, 2, 372, 950.3615, 510.8434
4665.394, 2, 373, 950.3615, 510.8434
4666.393, 2, 374, 948.4338, 510.8434
4667.389, 2, 375, 948.4338, 510.8434
4668.387, 2, 376, 948.4338, 510.8434
4669.385, 2, 377, 948.4338, 510.8434
4670.382, 2, 378, 948.4338, 510.8434
4670.382, 2, 379, 948.4338, 510.8434
4671.379, 2, 380, 948.4338, 510.8434
4672.375, 2, 381, 948.4338, 510.8434
4674.37, 2, 382, 944.5783, 510.8434
4675.368, 2, 383, 944.5783, 510.8434
4676.365, 2, 384, 944.5783, 510.8434
4676.365, 2, 385, 944.5783, 510.8434
4677.363, 2, 386, 944.5783, 510.8434
4678.361, 2, 387, 944.5783, 510.8434
4679.357, 2, 388, 944.5783, 510.8434
4680.354, 2, 389, 944.5783, 510.8434
4681.353, 2, 390, 944.5783, 510.8434
4682.35, 2, 391, 942.6506, 510.8434
4683.346, 2, 392, 942.6506, 510.8434
4684.343, 2, 393, 942.6506, 510.8434
4685.341, 2, 394, 942.6506, 510.8434
4686.338, 2, 395, 942.6506, 510.8434
4687.335, 2, 396, 942.6506, 510.8434
4688.333, 2, 397, 942.6506, 510.8434
4689.33, 2, 398, 942.6506, 510.8434
4690.327, 2, 399, 936.8675, 508.9157
4691.325, 2, 400, 936.8675, 508.9157
4692.322, 2, 401, 936.8675, 508.9157
4693.32, 2, 402, 936.8675, 508.9157
4694.317, 2, 403, 936.8675, 508.9157
4695.315, 2, 404, 936.8675, 508.9157
4695.315, 2, 405, 936.8675, 508.9157
4696.313, 2, 406, 936.8675, 508.9157
4697.31, 2, 407, 936.8675, 508.9157
4698.306, 2, 408, 934.9398, 506.988
4699.303, 2, 409, 934.9398, 506.988
4700.303, 2, 410, 934.9398, 506.988
4701.299, 2, 411, 934.9398, 506.988
4702.295, 2, 412, 934.9398, 506.988
4703.292, 2, 413, 934.9398, 506.988
4704.292, 2, 414, 934.9398, 506.988
4705.289, 2, 415, 934.9398, 506.988
4706.286, 2, 416, 933.0121, 505.0602
4707.282, 2, 417, 933.0121, 505.0602
4708.28, 2, 418, 933.0121, 505.0602
4709.277, 2, 419, 933.0121, 505.0602
4710.275, 2, 420, 933.0121, 505.0602
4711.272, 2, 421, 933.0121, 505.0602
4712.27, 2, 422, 933.0121, 505.0602
4713.266, 2, 423, 933.0121, 505.0602
4714.263, 2, 424, 929.1567, 503.1325
4715.261, 2, 425, 929.1567, 503.1325
4716.259, 2, 426, 929.1567, 503.1325
4717.256, 2, 427, 929.1567, 503.1325
4718.253, 2, 428, 929.1567, 503.1325
4719.252, 2, 429, 929.1567, 503.1325
4720.249, 2, 430, 929.1567, 503.1325
4720.249, 2, 431, 929.1567, 503.1325
4721.246, 2, 432, 929.1567, 503.1325
4723.239, 2, 433, 927.2289, 497.3494
4724.237, 2, 434, 927.2289, 497.3494
4725.234, 2, 435, 927.2289, 497.3494
4726.233, 2, 436, 927.2289, 497.3494
4726.233, 2, 437, 927.2289, 497.3494
4727.23, 2, 438, 927.2289, 497.3494
4728.226, 2, 439, 927.2289, 497.3494
4729.223, 2, 440, 927.2289, 497.3494
4730.221, 2, 441, 923.3735, 493.494
4731.219, 2, 442, 923.3735, 493.494
4732.217, 2, 443, 923.3735, 493.494
4733.213, 2, 444, 923.3735, 493.494
4734.21, 2, 445, 923.3735, 493.494
4735.208, 2, 446, 923.3735, 493.494
4736.205, 2, 447, 923.3735, 493.494
4737.203, 2, 448, 923.3735, 493.494
4738.199, 2, 449, 921.4458, 491.5663
4739.197, 2, 450, 921.4458, 491.5663
4740.196, 2, 451, 921.4458, 491.5663
4741.192, 2, 452, 921.4458, 491.5663
4742.19, 2, 453, 921.4458, 491.5663
4743.186, 2, 454, 921.4458, 491.5663
4744.185, 2, 455, 921.4458, 491.5663
4745.182, 2, 456, 921.4458, 491.5663
4746.179, 2, 457, 919.5181, 483.8554
4747.175, 2, 458, 919.5181, 483.8554
4748.174, 2, 459, 919.5181, 483.8554
4749.171, 2, 460, 919.5181, 483.8554
4750.168, 2, 461, 919.5181, 483.8554
4751.165, 2, 462, 919.5181, 483.8554
4752.162, 2, 463, 919.5181, 483.8554
4753.161, 2, 464, 919.5181, 483.8554
4753.161, 2, 465, 919.5181, 483.8554
4755.154, 2, 466, 915.6627, 480
4756.153, 2, 467, 915.6627, 480
4757.149, 2, 468, 915.6627, 480
4761.138, 2, 469, 915.6627, 480
4762.136, 2, 470, 915.6627, 474.2169
4763.134, 2, 471, 915.6627, 474.2169
4764.131, 2, 472, 915.6627, 474.2169
4765.128, 2, 473, 915.6627, 474.2169
4766.126, 2, 474, 915.6627, 474.2169
4767.122, 2, 475, 915.6627, 474.2169
4768.119, 2, 476, 915.6627, 474.2169
4769.118, 2, 477, 915.6627, 474.2169
4770.115, 2, 478, 915.6627, 474.2169
4771.113, 2, 479, 913.735, 472.2892
4772.11, 2, 480, 913.735, 472.2892
4773.106, 2, 481, 913.735, 472.2892
4774.104, 2, 482, 913.735, 472.2892
4775.102, 2, 483, 913.735, 472.2892
4776.098, 2, 484, 913.735, 472.2892
4777.097, 2, 485, 913.735, 472.2892
4777.097, 2, 486, 913.735, 472.2892
4779.09, 2, 487, 911.8073, 464.5783
4780.088, 2, 488, 911.8073, 464.5783
4780.088, 2, 489, 911.8073, 464.5783
4781.086, 2, 490, 911.8073, 464.5783
4782.083, 2, 491, 911.8073, 464.5783
4783.081, 2, 492, 911.8073, 464.5783
4784.078, 2, 493, 911.8073, 464.5783
4785.075, 2, 494, 911.8073, 464.5783
4786.071, 2, 495, 909.8795, 458.7952
4787.068, 2, 496, 909.8795, 458.7952
4788.067, 2, 497, 909.8795, 458.7952
4789.064, 2, 498, 909.8795, 458.7952
4790.062, 2, 499, 909.8795, 458.7952
4791.059, 2, 500, 909.8795, 458.7952
4792.057, 2, 501, 909.8795, 458.7952
4793.054, 2, 502, 909.8795, 458.7952
4794.051, 2, 503, 909.8795, 458.7952
4795.048, 2, 504, 909.8795, 453.0121
4796.045, 2, 505, 909.8795, 453.0121
4797.043, 2, 506, 909.8795, 453.0121
4798.04, 2, 507, 909.8795, 453.0121
4799.037, 2, 508, 909.8795, 453.0121
4800.035, 2, 509, 909.8795, 453.0121
4800.035, 2, 510, 909.8795, 453.0121
4801.033, 2, 511, 909.8795, 453.0121
4803.026, 2, 512, 909.8795, 447.2289
4804.023, 2, 513, 909.8795, 447.2289
4805.021, 2, 514, 909.8795, 447.2289
4805.021, 2, 515, 909.8795, 447.2289
4806.018, 2, 516, 909.8795, 447.2289
4807.015, 2, 517, 909.8795, 447.2289
4808.014, 2, 518, 909.8795, 447.2289
4809.01, 2, 519, 909.8795, 447.2289
4810.008, 2, 520, 909.8795, 441.4458
4811.004, 2, 521, 909.8795, 441.4458
4812.003, 2, 522, 909.8795, 441.4458
4813, 2, 523, 909.8795, 441.4458
4813.997, 2, 524, 909.8795, 441.4458
4814.994, 2, 525, 909.8795, 441.4458
4815.991, 2, 526, 909.8795, 441.4458
4816.988, 2, 527, 909.8795, 441.4458
4817.987, 2, 528, 909.8795, 435.6627
4818.984, 2, 529, 909.8795, 435.6627
4819.981, 2, 530, 909.8795, 435.6627
4820.979, 2, 531, 909.8795, 435.6627
4821.976, 2, 532, 909.8795, 435.6627
4822.972, 2, 533, 909.8795, 435.6627
4823.97, 2, 534, 909.8795, 435.6627
4824.968, 2, 535, 909.8795, 435.6627
4825.966, 2, 536, 909.8795, 435.6627
4826.962, 2, 537, 911.8073, 431.8073
4827.959, 2, 538, 911.8073, 431.8073
4828.958, 2, 539, 911.8073, 431.8073
4829.955, 2, 540, 911.8073, 431.8073
4829.955, 2, 541, 911.8073, 431.8073
4830.953, 2, 542, 911.8073, 431.8073
4831.949, 2, 543, 911.8073, 431.8073
4832.946, 2, 544, 911.8073, 431.8073
4833.943, 2, 545, 911.8073, 426.0241
4834.94, 2, 546, 911.8073, 426.0241
4835.938, 2, 547, 911.8073, 426.0241
4836.937, 2, 548, 911.8073, 426.0241
4837.934, 2, 549, 911.8073, 426.0241
4838.93, 2, 550, 911.8073, 426.0241
4839.607, 2, 551, 911.8073, 426.0241
4840.6, 2, 552, 911.8073, 426.0241
4841.596, 2, 553, 913.735, 422.1687
4842.593, 2, 554, 913.735, 422.1687
4843.592, 2, 555, 913.735, 422.1687
4844.588, 2, 556, 913.735, 422.1687
4845.585, 2, 557, 913.735, 422.1687
4846.584, 2, 558, 913.735, 422.1687
4847.581, 2, 559, 913.735, 422.1687
4848.578, 2, 560, 913.735, 422.1687
4849.575, 2, 561, 913.735, 422.1687
4850.572, 2, 562, 913.735, 418.3133
4851.57, 2, 563, 913.735, 418.3133
4852.566, 2, 564, 913.735, 418.3133
4853.565, 2, 565, 913.735, 418.3133
4854.561, 2, 566, 913.735, 418.3133
4855.56, 2, 567, 913.735, 418.3133
4856.557, 2, 568, 913.735, 418.3133
4857.555, 2, 569, 913.735, 418.3133
4858.551, 2, 570, 917.5904, 414.4579
4859.549, 2, 571, 917.5904, 414.4579
4860.546, 2, 572, 917.5904, 414.4579
4861.543, 2, 573, 917.5904, 414.4579
4861.543, 2, 574, 917.5904, 414.4579
4862.541, 2, 575, 917.5904, 414.4579
4863.537, 2, 576, 917.5904, 414.4579
4864.534, 2, 577, 917.5904, 414.4579
4865.533, 2, 578, 917.5904, 414.4579
4866.529, 2, 579, 921.4458, 408.6747
4867.526, 2, 580, 921.4458, 408.6747
4868.525, 2, 581, 921.4458, 408.6747
4869.522, 2, 582, 921.4458, 408.6747
4870.52, 2, 583, 921.4458, 408.6747
4871.517, 2, 584, 921.4458, 408.6747
4872.513, 2, 585, 921.4458, 408.6747
4873.512, 2, 586, 921.4458, 408.6747
4874.509, 2, 587, 925.3012, 404.8193
4875.505, 2, 588, 925.3012, 404.8193
4876.504, 2, 589, 925.3012, 404.8193
4877.5, 2, 590, 925.3012, 404.8193
4878.498, 2, 591, 925.3012, 404.8193
4879.496, 2, 592, 925.3012, 404.8193
4880.493, 2, 593, 925.3012, 404.8193
4880.493, 2, 594, 925.3012, 404.8193
4882.486, 2, 595, 931.0844, 400.9639
4883.485, 2, 596, 931.0844, 400.9639
4884.481, 2, 597, 931.0844, 400.9639
4884.481, 2, 598, 931.0844, 400.9639
4885.48, 2, 599, 931.0844, 400.9639
4886.477, 2, 600, 931.0844, 400.9639
4887.475, 2, 601, 931.0844, 400.9639
4888.472, 2, 602, 931.0844, 400.9639
4889.469, 2, 603, 931.0844, 400.9639
4890.466, 2, 604, 934.9398, 397.1084
4891.462, 2, 605, 934.9398, 397.1084
4892.46, 2, 606, 934.9398, 397.1084
4893.458, 2, 607, 934.9398, 397.1084
4894.455, 2, 608, 934.9398, 397.1084
4895.453, 2, 609, 934.9398, 397.1084
4896.45, 2, 610, 934.9398, 397.1084
4897.447, 2, 611, 934.9398, 397.1084
4898.445, 2, 612, 938.7952, 393.253
4899.441, 2, 613, 938.7952, 393.253
4900.44, 2, 614, 938.7952, 393.253
4901.437, 2, 615, 938.7952, 393.253
4902.434, 2, 616, 938.7952, 393.253
4903.43, 2, 617, 938.7952, 393.253
4903.43, 2, 618, 938.7952, 393.253
4904.429, 2, 619, 938.7952, 393.253
4906.422, 2, 620, 942.6506, 391.3253
4907.421, 2, 621, 942.6506, 391.3253
4908.418, 2, 622, 942.6506, 391.3253
4908.418, 2, 623, 942.6506, 391.3253
4909.416, 2, 624, 942.6506, 391.3253
4910.413, 2, 625, 942.6506, 391.3253
4911.41, 2, 626, 942.6506, 391.3253
4912.408, 2, 627, 942.6506, 391.3253
4913.405, 2, 628, 942.6506, 391.3253
4914.402, 2, 629, 948.4338, 387.4699
4915.398, 2, 630, 948.4338, 387.4699
4916.397, 2, 631, 948.4338, 387.4699
4917.394, 2, 632, 948.4338, 387.4699
4918.392, 2, 633, 948.4338, 387.4699
4919.388, 2, 634, 948.4338, 387.4699
4920.385, 2, 635, 948.4338, 387.4699
4921.384, 2, 636, 948.4338, 387.4699
4922.379, 2, 637, 954.2169, 383.6145
4923.377, 2, 638, 954.2169, 383.6145
4924.375, 2, 639, 954.2169, 383.6145
4925.373, 2, 640, 954.2169, 383.6145
4926.37, 2, 641, 954.2169, 383.6145
4927.367, 2, 642, 954.2169, 383.6145
4928.365, 2, 643, 954.2169, 383.6145
4929.362, 2, 644, 954.2169, 383.6145
4930.359, 2, 645, 960, 381.6868
4931.357, 2, 646, 960, 381.6868
4932.354, 2, 647, 960, 381.6868
4933.351, 2, 648, 960, 381.6868
4933.351, 2, 649, 960, 381.6868
4934.348, 2, 650, 960, 381.6868
4935.345, 2, 651, 960, 381.6868
4936.343, 2, 652, 960, 381.6868
4937.34, 2, 653, 960, 381.6868
4938.337, 2, 654, 965.7831, 379.759
4939.334, 2, 655, 965.7831, 379.759
4940.443, 2, 656, 965.7831, 379.759
4941.437, 2, 657, 965.7831, 379.759
4942.433, 2, 658, 965.7831, 379.759
4943.431, 2, 659, 965.7831, 379.759
4944.428, 2, 660, 965.7831, 379.759
4945.425, 2, 661, 965.7831, 379.759
4946.422, 2, 662, 973.494, 373.9759
4947.419, 2, 663, 973.494, 373.9759
4948.417, 2, 664, 973.494, 373.9759
4949.414, 2, 665, 973.494, 373.9759
4950.413, 2, 666, 973.494, 373.9759
4951.408, 2, 667, 973.494, 373.9759
4952.405, 2, 668, 973.494, 373.9759
4953.403, 2, 669, 973.494, 373.9759
4954.4, 2, 670, 977.3494, 372.0482
4955.398, 2, 671, 977.3494, 372.0482
4956.396, 2, 672, 977.3494, 372.0482
4957.393, 2, 673, 977.3494, 372.0482
4958.391, 2, 674, 977.3494, 372.0482
4959.388, 2, 675, 977.3494, 372.0482
4959.388, 2, 676, 977.3494, 372.0482
4960.386, 2, 677, 977.3494, 372.0482
4961.382, 2, 678, 977.3494, 372.0482
4962.38, 2, 679, 981.2048, 368.1928
4963.378, 2, 680, 981.2048, 368.1928
4964.375, 2, 681, 981.2048, 368.1928
4965.371, 2, 682, 981.2048, 368.1928
4966.369, 2, 683, 981.2048, 368.1928
4967.366, 2, 684, 981.2048, 368.1928
4968.363, 2, 685, 981.2048, 368.1928
4969.361, 2, 686, 981.2048, 368.1928
4970.357, 2, 687, 985.0602, 366.2651
4971.356, 2, 688, 985.0602, 366.2651
4972.354, 2, 689, 985.0602, 366.2651
4973.351, 2, 690, 985.0602, 366.2651
4974.347, 2, 691, 985.0602, 366.2651
4975.345, 2, 692, 985.0602, 366.2651
4976.343, 2, 693, 985.0602, 366.2651
4976.343, 2, 694, 985.0602, 366.2651
4978.336, 2, 695, 988.9157, 364.3374
4979.333, 2, 696, 988.9157, 364.3374
4980.332, 2, 697, 988.9157, 364.3374
4980.332, 2, 698, 988.9157, 364.3374
4981.33, 2, 699, 988.9157, 364.3374
4982.326, 2, 700, 988.9157, 364.3374
4983.324, 2, 701, 988.9157, 364.3374
4984.321, 2, 702, 988.9157, 364.3374
4985.318, 2, 703, 988.9157, 364.3374
4986.316, 2, 704, 992.7711, 364.3374
4987.313, 2, 705, 992.7711, 364.3374
4988.311, 2, 706, 992.7711, 364.3374
4989.308, 2, 707, 992.7711, 364.3374
4990.304, 2, 708, 992.7711, 364.3374
4991.303, 2, 709, 992.7711, 364.3374
4992.299, 2, 710, 992.7711, 364.3374
4993.297, 2, 711, 992.7711, 364.3374
4994.294, 2, 712, 996.6265, 362.4096
4995.291, 2, 713, 996.6265, 362.4096
4996.289, 2, 714, 996.6265, 362.4096
4997.286, 2, 715, 996.6265, 362.4096
4998.284, 2, 716, 996.6265, 362.4096
4999.281, 2, 717, 996.6265, 362.4096
4999.281, 2, 718, 996.6265, 362.4096
5000.279, 2, 719, 996.6265, 362.4096
5001.275, 2, 720, 996.6265, 362.4096
5002.273, 2, 721, 1002.41, 360.4819
5003.27, 2, 722, 1002.41, 360.4819
5004.268, 2, 723, 1002.41, 360.4819
5005.265, 2, 724, 1002.41, 360.4819
5006.262, 2, 725, 1002.41, 360.4819
5007.26, 2, 726, 1002.41, 360.4819
5008.256, 2, 727, 1002.41, 360.4819
5009.254, 2, 728, 1002.41, 360.4819
5010.252, 2, 729, 1008.193, 360.4819
5011.248, 2, 730, 1008.193, 360.4819
5012.247, 2, 731, 1008.193, 360.4819
5013.243, 2, 732, 1008.193, 360.4819
5014.24, 2, 733, 1008.193, 360.4819
5015.238, 2, 734, 1008.193, 360.4819
5016.235, 2, 735, 1008.193, 360.4819
5017.233, 2, 736, 1008.193, 360.4819
5018.23, 2, 737, 1015.904, 360.4819
5019.227, 2, 738, 1015.904, 360.4819
5020.224, 2, 739, 1015.904, 360.4819
5021.221, 2, 740, 1015.904, 360.4819
5022.219, 2, 741, 1015.904, 360.4819
5023.217, 2, 742, 1015.904, 360.4819
5023.217, 2, 743, 1015.904, 360.4819
5024.215, 2, 744, 1015.904, 360.4819
5025.212, 2, 745, 1015.904, 360.4819
5027.206, 2, 746, 1027.47, 354.6988
5027.206, 2, 747, 1027.47, 354.6988
5028.204, 2, 748, 1027.47, 354.6988
5029.201, 2, 749, 1027.47, 354.6988
5030.197, 2, 750, 1027.47, 354.6988
5031.196, 2, 751, 1027.47, 354.6988
5032.193, 2, 752, 1027.47, 354.6988
5033.189, 2, 753, 1027.47, 354.6988
5034.187, 2, 754, 1035.181, 350.8434
5035.184, 2, 755, 1035.181, 350.8434
5036.183, 2, 756, 1035.181, 350.8434
5037.18, 2, 757, 1035.181, 350.8434
5038.177, 2, 758, 1035.181, 350.8434
5039.174, 2, 759, 1035.181, 350.8434
5040.171, 2, 760, 1035.181, 350.8434
5041.169, 2, 761, 1035.181, 350.8434
5042.166, 2, 762, 1044.819, 346.9879
5043.164, 2, 763, 1044.819, 346.9879
5044.16, 2, 764, 1044.819, 346.9879
5045.159, 2, 765, 1044.819, 346.9879
5046.156, 2, 766, 1044.819, 346.9879
5047.153, 2, 767, 1044.819, 346.9879
5048.151, 2, 768, 1044.819, 346.9879
5048.151, 2, 769, 1044.819, 346.9879
5049.148, 2, 770, 1044.819, 346.9879
5050.145, 2, 771, 1050.602, 343.1325
5051.142, 2, 772, 1050.602, 343.1325
5052.139, 2, 773, 1050.602, 343.1325
5053.136, 2, 774, 1050.602, 343.1325
5054.134, 2, 775, 1050.602, 343.1325
5055.131, 2, 776, 1050.602, 343.1325
5056.129, 2, 777, 1050.602, 343.1325
5057.126, 2, 778, 1050.602, 343.1325
5058.124, 2, 779, 1054.458, 343.1325
5059.12, 2, 780, 1054.458, 343.1325
5060.117, 2, 781, 1054.458, 343.1325
5061.116, 2, 782, 1054.458, 343.1325
5062.112, 2, 783, 1054.458, 343.1325
5063.109, 2, 784, 1054.458, 343.1325
5064.106, 2, 785, 1054.458, 343.1325
5065.105, 2, 786, 1054.458, 343.1325
5065.105, 2, 787, 1054.458, 343.1325
5067.099, 2, 788, 1060.241, 341.2048
5068.097, 2, 789, 1060.241, 341.2048
5068.097, 2, 790, 1060.241, 341.2048
5069.095, 2, 791, 1060.241, 341.2048
5070.092, 2, 792, 1060.241, 341.2048
5071.089, 2, 793, 1060.241, 341.2048
5072.086, 2, 794, 1060.241, 341.2048
5073.083, 2, 795, 1060.241, 341.2048
5074.081, 2, 796, 1066.024, 337.3494
5075.077, 2, 797, 1066.024, 337.3494
5076.076, 2, 798, 1066.024, 337.3494
5077.073, 2, 799, 1066.024, 337.3494
5078.07, 2, 800, 1066.024, 337.3494
5079.068, 2, 801, 1066.024, 337.3494
5080.065, 2, 802, 1066.024, 337.3494
5081.063, 2, 803, 1066.024, 337.3494
5081.063, 2, 804, 1066.024, 337.3494
5083.056, 2, 805, 1073.735, 335.4217
5084.054, 2, 806, 1073.735, 335.4217
5085.05, 2, 807, 1073.735, 335.4217
5086.049, 2, 808, 1073.735, 335.4217
5086.049, 2, 809, 1073.735, 335.4217
5087.046, 2, 810, 1073.735, 335.4217
5088.043, 2, 811, 1073.735, 335.4217
5089.041, 2, 812, 1073.735, 335.4217
5090.037, 2, 813, 1077.59, 335.4217
5091.035, 2, 814, 1077.59, 335.4217
5092.033, 2, 815, 1077.59, 335.4217
5093.03, 2, 816, 1077.59, 335.4217
5094.026, 2, 817, 1077.59, 335.4217
5095.025, 2, 818, 1077.59, 335.4217
5096.021, 2, 819, 1077.59, 335.4217
5097.019, 2, 820, 1077.59, 335.4217
5098.016, 2, 821, 1083.374, 333.494
5099.014, 2, 822, 1083.374, 333.494
5100.012, 2, 823, 1083.374, 333.494
5101.009, 2, 824, 1083.374, 333.494
5102.006, 2, 825, 1083.374, 333.494
5103.003, 2, 826, 1083.374, 333.494
5104, 2, 827, 1083.374, 333.494
5104.998, 2, 828, 1083.374, 333.494
5104.998, 2, 829, 1083.374, 333.494
5106.992, 2, 830, 1087.229, 331.5663
5107.99, 2, 831, 1087.229, 331.5663
5108.988, 2, 832, 1087.229, 331.5663
5109.984, 2, 833, 1087.229, 331.5663
5109.984, 2, 834, 1087.229, 331.5663
5110.983, 2, 835, 1087.229, 331.5663
5111.979, 2, 836, 1087.229, 331.5663
5112.977, 2, 837, 1087.229, 331.5663
5113.973, 2, 838, 1089.157, 331.5663
5114.97, 2, 839, 1089.157, 331.5663
5115.969, 2, 840, 1089.157, 331.5663
5116.966, 2, 841, 1089.157, 331.5663
5117.964, 2, 842, 1089.157, 331.5663
5118.961, 2, 843, 1089.157, 331.5663
5119.958, 2, 844, 1089.157, 331.5663
5120.956, 2, 845, 1089.157, 331.5663
5121.953, 2, 846, 1091.084, 331.5663
5122.949, 2, 847, 1091.084, 331.5663
5123.948, 2, 848, 1091.084, 331.5663
5124.944, 2, 849, 1091.084, 331.5663
5125.941, 2, 850, 1091.084, 331.5663
5126.939, 2, 851, 1091.084, 331.5663
5127.937, 2, 852, 1091.084, 331.5663
5127.937, 2, 853, 1091.084, 331.5663
5128.935, 2, 854, 1091.084, 331.5663
5129.931, 2, 855, 1091.084, 331.5663
5130.928, 2, 856, 1091.084, 331.5663
5131.925, 2, 857, 1091.084, 331.5663
5132.922, 2, 858, 1091.084, 331.5663
5133.92, 2, 859, 1091.084, 331.5663
5134.917, 2, 860, 1091.084, 331.5663
5135.915, 2, 861, 1091.084, 331.5663
5136.913, 2, 862, 1091.084, 331.5663
5137.91, 2, 863, 1091.084, 331.5663
5138.906, 2, 864, 1093.012, 331.5663
5139.905, 2, 865, 1093.012, 331.5663
5139.905, 2, 866, 1093.012, 331.5663
5141.285, 2, 867, 1093.012, 331.5663
5142.277, 2, 868, 1093.012, 331.5663
5143.274, 2, 869, 1093.012, 331.5663
5144.271, 2, 870, 1093.012, 331.5663
5145.269, 2, 871, 1093.012, 331.5663
5146.265, 2, 872, 1093.012, 331.5663
5147.264, 2, 873, 1093.012, 331.5663
5147.264, 2, 874, 1093.012, 331.5663
5148.261, 2, 875, 1093.012, 331.5663
5149.258, 2, 876, 1093.012, 331.5663
5150.255, 2, 877, 1093.012, 331.5663
5151.253, 2, 878, 1093.012, 331.5663
5152.25, 2, 879, 1093.012, 331.5663
5153.247, 2, 880, 1093.012, 331.5663
5154.244, 2, 881, 1093.012, 331.5663
5155.241, 2, 882, 1093.012, 331.5663
5156.239, 2, 883, 1093.012, 331.5663
5157.236, 2, 884, 1093.012, 331.5663
5157.236, 2, 885, 1093.012, 331.5663
5158.234, 2, 886, 1093.012, 331.5663
5159.231, 2, 887, 1093.012, 331.5663
5160.229, 2, 888, 1093.012, 331.5663
5161.225, 2, 889, 1093.012, 331.5663
5162.224, 2, 890, 1094.94, 331.5663
5163.22, 2, 891, 1094.94, 331.5663
5164.218, 2, 892, 1094.94, 331.5663
5165.214, 2, 893, 1094.94, 331.5663
5166.212, 2, 894, 1094.94, 331.5663
5167.209, 2, 895, 1094.94, 331.5663
5168.208, 2, 896, 1094.94, 331.5663
5169.205, 2, 897, 1094.94, 331.5663
5170.202, 2, 898, 1094.94, 331.5663
5171.199, 2, 899, 1094.94, 331.5663
5172.195, 2, 900, 1094.94, 331.5663
5173.193, 2, 901, 1094.94, 331.5663
5174.191, 2, 902, 1094.94, 331.5663
5174.191, 2, 903, 1094.94, 331.5663
5175.188, 2, 904, 1094.94, 331.5663
5176.187, 2, 905, 1094.94, 331.5663
5177.183, 2, 906, 1094.94, 331.5663
5178.181, 2, 907, 1094.94, 331.5663
5179.178, 2, 908, 1094.94, 331.5663
5180.174, 2, 909, 1094.94, 331.5663
5181.172, 2, 910, 1094.94, 331.5663
5182.169, 2, 911, 1094.94, 331.5663
5183.167, 2, 912, 1094.94, 331.5663
5184.164, 2, 913, 1094.94, 331.5663
5185.161, 2, 914, 1094.94, 331.5663
5186.158, 2, 915, 1094.94, 331.5663
5186.158, 2, 916, 1094.94, 331.5663
5187.157, 2, 917, 1094.94, 331.5663
5188.154, 2, 918, 1094.94, 331.5663
5189.151, 2, 919, 1094.94, 331.5663
5190.148, 2, 920, 1094.94, 331.5663
5191.146, 2, 921, 1094.94, 331.5663
5192.143, 2, 922, 1094.94, 331.5663
5193.141, 2, 923, 1094.94, 331.5663
5197.129, 2, 924, 1094.94, 331.5663
5198.126, 2, 925, 1094.94, 331.5663
5199.124, 2, 926, 1094.94, 331.5663
5200.122, 2, 927, 1094.94, 331.5663
5201.119, 2, 928, 1094.94, 331.5663
5201.119, 2, 929, 1094.94, 331.5663
5202.117, 2, 930, 1094.94, 331.5663
5203.114, 2, 931, 1094.94, 331.5663
5204.111, 2, 932, 1094.94, 331.5663
5205.108, 2, 933, 1094.94, 331.5663
5206.106, 2, 934, 1094.94, 331.5663
5207.103, 2, 935, 1094.94, 331.5663
5208.1, 2, 936, 1094.94, 331.5663
5209.097, 2, 937, 1094.94, 331.5663
5210.096, 2, 938, 1094.94, 331.5663
5211.093, 2, 939, 1094.94, 331.5663
5211.093, 2, 940, 1094.94, 331.5663
5212.09, 2, 941, 1094.94, 331.5663
5213.086, 2, 942, 1094.94, 331.5663
5214.084, 2, 943, 1094.94, 331.5663
5215.082, 2, 944, 1094.94, 331.5663
5216.079, 2, 945, 1094.94, 331.5663
5217.077, 2, 946, 1094.94, 331.5663
5218.073, 2, 947, 1094.94, 331.5663
5219.07, 2, 948, 1094.94, 331.5663
5220.067, 2, 949, 1094.94, 331.5663
5221.065, 2, 950, 1094.94, 331.5663
5221.065, 2, 951, 1094.94, 331.5663
5222.063, 2, 952, 1094.94, 331.5663
5223.06, 2, 953, 1094.94, 331.5663
5224.057, 2, 954, 1094.94, 331.5663
5225.054, 2, 955, 1094.94, 331.5663
5226.051, 2, 956, 1094.94, 331.5663
5227.05, 2, 957, 1094.94, 331.5663
5228.047, 2, 958, 1094.94, 331.5663
5229.043, 2, 959, 1094.94, 331.5663
5230.042, 2, 960, 1094.94, 331.5663
5231.039, 2, 961, 1094.94, 331.5663
5232.037, 2, 962, 1094.94, 331.5663
5232.037, 2, 963, 1094.94, 331.5663
5233.034, 2, 964, 1094.94, 331.5663
5234.031, 2, 965, 1094.94, 331.5663
5235.027, 2, 966, 1094.94, 331.5663
5236.025, 2, 967, 1094.94, 331.5663
5237.022, 2, 968, 1094.94, 331.5663
5238.021, 2, 969, 1094.94, 331.5663
5239.017, 2, 970, 1094.94, 331.5663
5240.015, 2, 971, 1094.94, 331.5663
5241.013, 2, 972, 1094.94, 331.5663
5242.01, 2, 973, 1094.94, 331.5663
